ID,Title,Authors,I1,I2,I3,E1,E2,E3,E4,E5,E6,Included,Agreed
,2015 IEEE 7th International Workshop on Managing Technical Debt (MTD),?,,,,,x,,,,,,x
,A balancing act: what software practitioners have to say about technical debt,Lim,x,,,,,,,,,,x
,A genetic approach to architectural pattern discovery,Peters,x,x,x,,,,,,,x,x
,"A semi-automated framework for the identification and estimation of Architectural Technical Debt: A comparative case-study on the modularization of a software component
",Martini,x,x,x,,,,,,,x,x
,Architectural decision guidance across projects,Zimmermann,,x,,,x,,x,,,,x
,Architectural technical debt identification based on architecture decisions and change scenarios,Li,x,x,x,,,,,,,x,x
,Fighting Technical Debt: Enabling Sustainable Productivity,Tunttunen,,,,x,x,,x,,,,x
,Impacts of Modular Grime on Technical Debt,Dale,x,x,x,,x,,x,,,,x
,Integrating Technical Debt Management and Software Quality Management Processes: A Normative Framework and Field Tests,Ramasubbu,,,,,,,,,,,
,Managing technical debt in database schemas of critical software,Weber,x,,x,,,,,,,,x
,Mapping architectural decay instances to dependency models,Mo,x,x,x,,,,,,,x,x
,Mitigating the Risk of Software Change in Practice,Knodel,,x,,x,,,x,,,,x
,Preemptive Management of Model Driven Technical Debt for Improving Software Quality,Izurieta,x,x,x,,,,,,,x,x
,"Reference architecture, metamodel, and modeling principles for architectural knowledge management in information technology services",Zimmermann,,x,x,,,,,,,,x
,Relating Architectural Decay and Sustainability of Software Systems,Le,x,x,x,,,,,,,x,x
,The Evolution of Technical Debt in the Apache Ecosystem,Digkas,x,,x,,,,,,,,x
,Tool support for evaluating architectural debt of an existing system: An experience report,Fontana,x,x,x,,,,,,,x,x
,Towards a microstructural view of architectural change in complex systems: the role of design hierarchy and modularity,Mahdi,,,,,,,,,x,,x
,Towards a Technical Debt Management Framework based on Cost-Benefit Analysis,Harun,x,x,x,,,,,,,x,x
,Towards assessing software architecture quality by exploiting code smell relations,Fontana,x,x,x,,,,,,,x,x
,,,,,,,,,,,,,
,,,,,,,,,,,,,
,,,,,,,,,,,,,
,,,,,,,,,,,,,
,,Test A,,,,,,,,,,,
,,+,-,,,,,,,,,,
Test B   ,+,9 ,1 ,10 ,,,0.95 ,,,,,,
,- ,0 ,10 ,10 ,,pe,0.5 ,,,,,,
,,9 ,11 ,20 ,,k0,0.9 ,,,,,,
,,,,,,,,,,,,,
Total concordance,,,,0.950,,,,,,,,,
Cohen's Kappa,,,,0.900,,,,,,,,,
,,,,,,,,,,,,,
Interpretation guidelines:,,,,,,,,,,,,,
Kappa,Concordance,,,,,,,,,,,,
<0.01,null,,,,,,,,,,,,
0.01-0.20,low,,,,,,,,,,,,
0.21-0.40,modest,,,,,,,,,,,,
0.41-0.60,moderate,,,,,,,,,,,,
0.61-0.80,good,,,,,,,,,,,,
0.81-1.00,excellent,,,,,,,,,,,,