Authors,Title,Year
"Martini A., Sikander E., Madlani N.",A semi-automated framework for the identification and estimation of Architectural Technical Debt: A comparative case-study on the modularization of a software component,2018
"Besker T., Martini A., Bosch J.",Managing architectural technical debt: A unified model and systematic literature review,2018
"Manoj Kumar M., Nandakumar A.N.",Exploring multilateral cloud computing security architectural design debt in terms of technical debt,2018
"Martini A., Bosch J.",On the interest of architectural technical debt: Uncovering the contagious debt phenomenon,2017
"Besker T., Martini A., Bosch J.",Impact of architectural technical debt on daily software development work - A survey of software practitioners,2017
"Wille D., Wehling K., Seidl C., Pluchator M., Schaefer I.",Variability mining of technical architectures,2017
"Skourletopoulos G., Mavromoustakis C.X., Mastorakis G., Sahalos J.N., Batalla J.M., Dobre C.",A game theoretic formulation of the technical debt management problem in cloud systems,2017
"Guaman D., Quezada-Sarmiento P.A., Barba-Guaman L., Enciso L.",Use of SQALE and tools for analysis and identification of code technical debt through static analysis [Uso de SQALE y herramientas para análisis e identificación de deuda técnica de código a través de análisis estático],2017
"Aaramaa S., Dasanayake S., Oivo M., Markkula J., Saukkonen S.",Requirements volatility in software architecture design: An exploratory case study,2017
"Vogel-Heuser B., Neumann E.-M.","Adapting the concept of technical debt to software of automated Production Systems focusing on fault handling, mode of operation and safety aspects",2017
"Cai Y., Kazman R.",Detecting and quantifying architectural debt: Theory and practice,2017
Kruchten P.,Strategic management of technical debt: Tutorial at ICSA 2017,2017
Zalewski A.,Risk appetite in architectural decision-making,2017
"Martini A., Bosch J.",Revealing social debt with the CAFFEA framework: An antidote to architectural debt,2017
"Carver J.C., Cabot J., Capilla R., Muccini H.","GitHub, Technical Debt, Code Formatting, and More",2017
"Behutiye W.N., Rodríguez P., Oivo M., Tosun A.",Analyzing the concept of technical debt in the context of agile software development: A systematic literature review,2017
"Digkas G., Lungu M., Chatzigeorgiou A., Avgeriou P.",The evolution of technical debt in the apache ecosystem,2017
"Guaman D., Sarmiento P.A.-Q., Barba-Guamán L., Cabrera P., Enciso L.",SonarQube as a tool to identify software metrics and technical debt in the source code through static analysis,2017
"Staron M., Meding W.",A portfolio of internal quality metrics for software architects,2017
[No author name available],"11th European Conference on Software Architecture, ECSA 2017",2017
"Fontana F.A., Roveda R., Zanoni M.",Technical Debt Indexes Provided by Tools: A Preliminary Discussion,2016
"Reimanis D., Izurieta C.",Towards Assessing the Technical Debt of Undesired Software Behaviors in Design Patterns,2016
"Ampatzoglou A., Ampatzoglou A., Chatzigeorgiou A., Avgeriou P., Abrahamsson P., Martini A., Zdun U., Systa K.",The Perception of Technical Debt in the Embedded Systems Domain: An Industrial Case Study,2016
Poort E.,Just Enough Anticipation: Architect Your Time Dimension,2016
"Besker T., Martini A., Bosch J.",A Systematic Literature Review and a Unified Model of ATD,2016
"MacCormack A., Sturtevant D.J.",Technical debt and system architecture: The impact of coupling on defect-related activity,2016
Borrego G.,Condensing architectural knowledge from unstructured textual media in agile GSD teams,2016
"Alégroth E., Steiner M., Martini A.",Exploring the Presence of Technical Debt in Industrial GUI-Based Testware: A Case Study,2016
Del Carpio P.M.,Identification of architectural technical debt: An analysis based on naming patterns,2016
"Vogelsang A., Femmer H., Junker M.",Characterizing implicit communal components as technical debt in automotive software systems,2016
"Martini A., Bosch J.",An empirically developed method to aid decisions on architectural technical debt refactoring: AnaConDebt,2016
"Xiao L., Cai Y., Kazman R., Mo R., Feng Q.",Identifying and quantifying architectural debt,2016
"Ojameruaye B., Bahsoon R., Duboc L.",Sustainability debt: A portfolio-based approach for evaluating sustainability requirements in architectures,2016
"Ramasubbu N., Kemerer C.F.",Technical debt and the reliability of enterprise software systems: A competing risks analysis,2016
"Gupta R.K., Manikreddy P., Naik S., Arya K.",Pragmatic approach for managing technical debt in legacy software project,2016
"Vogel-Heuser B., Rösch S.",Applicability of Technical Debt as a Concept to Understand Obstacles for Evolution of Automated Production Systems,2016
"Ampatzoglou A., Ampatzoglou A., Avgeriou P., Chatzigeorgiou A.",A financial approach for managing interest in technical debt,2016
"Waseem M., Ikram N.",Architecting activities evolution and emergence in agile software development: An empirical investigation initial research proposal,2016
"Choudhary A., Singh P.","Minimizing refactoring effort through prioritization of classes based on historical, architectural and code smell information",2016
[No author name available],"2015 IEEE 7th International Workshop on Managing Technical Debt, MTD 2015 - Proceedings",2015
"Eliasson U., Martini A., Kaufmann R., Odeh S.",Identifying and visualizing Architectural Debt and its efficiency interest in the automotive domain: A case study,2015
"Martini A., Bosch J.",Towards Prioritizing Architecture Technical Debt: Information Needs of Architects and Product Owners,2015
"Falessi D., Kruchten P.",Five reasons for including technical debt in the software engineering curriculum,2015
"Carrillo C., Capilla R., Zimmermann O., Zdun U.",Guidelines and metrics for configurable and sustainable architectural knowledge modelling,2015
"Bellomo S., Gorton I., Kazman R.",Toward Agile Architecture: Insights from 15 Years of ATAM Data,2015
"Ernst N.A., Bellomo S., Ozkaya I., Nord R.L., Gorton I.",Measure it? Manage it? Ignore it? Software practitioners and technical debt,2015
"Kazman R., Cai Y., Mo R., Feng Q., Xiao L., Haziyev S., Fedak V., Shapochka A.",A Case Study in Locating the Architectural Roots of Technical Debt,2015
"Ozkaya I., Nord R.L., Koziolek H., Avgeriou P.",Second International Workshop on Software Architecture and Metrics (SAM 2015),2015
"Fernández-Sánchez C., Garbajosa J., Vidal C., Yagüe A.",An Analysis of Techniques and Methods for Technical Debt Management: A Reflection from the Architecture Perspective,2015
Boehm B.,Architecture-Based Quality Attribute Synergies and Conflicts,2015
"Fontana F.A., Ferme V., Zanoni M.",Towards Assessing Software Architecture Quality by Exploiting Code Smell Relations,2015
"Izurieta C., Rojas G., Griffith I.",Preemptive management of model driven technical debt for improving software quality,2015
[No author name available],"QoSA 2015 - Proceedings of the 11th International ACM SIGSOFT Conference on Quality of Software Architectures, Part of CompArch 2015",2015
"Li Z., Liang P., Avgeriou P.",Architecture viewpoints for documenting architectural technical debt,2015
"Li Z., Liang P., Avgeriou P.",Architectural Technical Debt Identification Based on Architecture Decisions and Change Impact Analysiss,2015
"Martini A., Bosch J.",The Danger of Architectural Technical Debt: Contagious Debt and Vicious Circles,2015
"Martini A., Bosch J., Chaudron M.",Investigating Architectural Technical Debt accumulation and refactoring over time: A multiple-case study,2015
"Ampatzoglou A., Ampatzoglou A., Avgeriou P., Chatzigeorgiou A.",Establishing a framework for managing interest in technical debt,2015
"Skourletopoulos G., Mavromoustakis C.X., Mastorakis G., Rodrigues J.J.P.C., Chatzimisios P., Batalla J.M.",A fluctuation-based modelling approach to quantification of the technical debt on mobile cloud-based service level,2015
[No author name available],"Proceedings - 12th Working IEEE/IFIP Conference on Software Architecture, WICSA 2015",2015
"Tamburri D.A., Nitto E.D.",When Software Architecture Leads to Social Debt,2015
[No author name available],"Proceedings - 2nd International Workshop on Software Architecture and Metrics, SAM 2015",2015
Gill A.Q.,Adaptive enterprise architecture drivenagiledevelopment,2015
"Li Z., Liang P., Avgeriou P.",Architectural Debt Management in Value-Oriented Architecting,2014
"Li Z., Guelfi N., Liang P., Avgeriou P., Ampatzoglou A.",An empirical investigation of modularity metrics for indicating architectural technical debt,2014
"Martini A., Bosch J., Chaudron M.",Architecture technical debt: Understanding causes and a qualitative model,2014
"Alzaghoul E., Bahsoon R.",Evaluating technical debt in cloud-based architectures using real options,2014
"Holvitie J., Leppänen V., Hyrynsalmi S.",Technical debt and the effect of agile software development practices on it - An industry practitioner survey,2014
"Weber J.H., Cleve A., Meurice L., Ruiz F.J.B.",Managing technical debt in database schemas of critical software,2014
"Fernández-Sánchez C., Díaz J., Pérez J., Garbajosa J.",Guiding flexibility investment in agile architecting,2014
"Reimanis D., Izurieta C., Luhr R., Xiao L., Cai Y., Rudy G.",A replication case study to measure the architectural quality of a commercial system,2014
[No author name available],QoSA 2014 - Proceedings of the 10th International ACM SIGSOFT Conference on Quality of Software Architectures (Part of CompArch 2014),2014
Schmid K.,A formal approach to technical debt decision making,2013
"Sugumaran H.S., Horsfield P.A., Bruschi P.J.",Interview guidelines for analyzing software architectural practices in agile projects,2013
"Alzaghoul E., Bahsoon R.",Economics-driven approach for managing technical debt in cloud-based architectures,2013
[No author name available],"2013 4th International Workshop on Managing Technical Debt, MTD 2013 - Proceedings",2013
Schmid K.,On the limits of the technical debt metaphor some guidance on going beyond,2013
"dos Santos P.S.M., Varella A., Dantas C.R., Borges D.B.",Visualizing and managing technical debt in agile development: An experience report,2013
"Lane J.A., Koolmanojwong S., Boehm B.","Affordable systems: Balancing the capability, schedule, flexibility, and technical debt tradespace",2013
"Alzaghoul E., Bahsoon R.",CloudMTD: Using real options to manage technical debt in cloud-based service selection,2013
"Nord R.L., Ozkaya I., Kruchten P., Gonzalez-Rojas M.",In search of a metric for managing architectural technical debt,2012
[No author name available],"Proceedings of the 2012 Joint Working Conference on Software Architecture and 6th European Conference on Software Architecture, WICSA/ECSA 2012",2012
Bavani R.,"Distributed agile, agile testing, and technical debt",2012
"Curtis B., Sappidi J., Szynkarski A.",Estimating the principal of an application's technical debt,2012
Kruchten P.,Strategic management of technical debt: Tutorial synopsis,2012
[No author name available],"2012 3rd International Workshop on Managing Technical Debt, MTD 2012 - Proceedings",2012
"Curtis B., Sappidi J., Szynkarski A.","Estimating the size, cost, and types of technical debt",2012
Ernst N.A.,On the role of requirements in understanding and managing technical debt,2012
"Brondum J., Zhu L.",Visualising architectural dependencies,2012
Buschmann F.,To pay or not to pay technical debt,2011
"Klinger T., Tarr P., Wagstrom P., Williams C.",An enterprise perspective on technical debt,2011